{
    "0": 37.07162163568799,
    "1": 34.565974691977004,
    "2": 33.38679569340305,
    "3": 33.92859001627291,
    "4": 32.95395008483427,
    "5": 32.493173356834795,
    "6": 33.54648883275678,
    "7": 32.33608249568889,
    "8": 31.737818735709155,
    "9": 31.736430853998314
}