{
    "0": 30.428978611665958,
    "1": 29.1427160715488,
    "2": 28.143097605314544,
    "3": 27.43649707116727,
    "4": 26.718226092420945,
    "5": 26.279148057544273,
    "6": 25.86242341270732,
    "7": 25.600107727180916,
    "8": 25.41490674865902,
    "9": 25.15241151783109
}