{
    "0": 30.29914159823858,
    "1": 29.75906491679722,
    "2": 28.06010649325429,
    "3": 27.59337841845183,
    "4": 27.48473325512981,
    "5": 27.290536586389962,
    "6": 27.36493490475178,
    "7": 26.564792143957465,
    "8": 26.786543745423913,
    "9": 26.19240691025227,
    "10": 26.59090372306505,
    "11": 26.330312787850634,
    "12": 26.383716871754093,
    "13": 26.450898422020853,
    "14": 26.764237371311907,
    "15": 26.16891961045198,
    "16": 26.489606541803457,
    "17": 26.515718120911046,
    "18": 26.64850665386018,
    "19": 26.255520827592722,
    "20": 26.493936602660494,
    "21": 25.918563364536013,
    "22": 26.294228947375327,
    "23": 26.027864597684864,
    "24": 25.99939116720071,
    "25": 26.1561918558116,
    "26": 26.007395219087957,
    "27": 26.404317464316364,
    "28": 26.132179700149848,
    "29": 26.055813172307555
}