{
    "epochs": [
        1,
        2,
        3,
        4,
        5,
        6,
        7,
        8,
        9,
        10
    ],
    "accuracy": [
        0.5048040747642517,
        0.5389160513877869,
        0.5616603493690491,
        0.5778953433036804,
        0.5910887718200684,
        0.6025518774986267,
        0.6129870414733887,
        0.6228775382041931,
        0.632125973701477,
        0.6415472626686096
    ],
    "loss": [
        1.6871302127838135,
        1.5427250862121582,
        1.4514710903167725,
        1.387221097946167,
        1.3369619846343994,
        1.2943991422653198,
        1.2557049989700317,
        1.219905972480774,
        1.1865543127059937,
        1.155212163925171
    ],
    "val_acc": [
        0.5213721394538879,
        0.5438755750656128,
        0.5597531795501709,
        0.5709227919578552,
        0.5821838974952698,
        0.5890933871269226,
        0.5953065752983093,
        0.5993041396141052,
        0.6023591160774231,
        0.6063496470451355
    ],
    "val_loss": [
        1.6125127077102661,
        1.517612099647522,
        1.454098105430603,
        1.410140872001648,
        1.3665058612823486,
        1.3408149480819702,
        1.3171027898788452,
        1.3012102842330933,
        1.2899936437606812,
        1.2766780853271484
    ]
}