{
    "epochs": [
        1,
        2,
        3,
        4,
        5,
        6,
        7,
        8,
        9,
        10
    ],
    "accuracy": [
        0.3869346082210541,
        0.473714679479599,
        0.49604299664497375,
        0.5095067024230957,
        0.5191259384155273,
        0.526174783706665,
        0.5319827198982239,
        0.5368732213973999,
        0.5413708090782166,
        0.5452605485916138
    ],
    "loss": [
        2.267030954360962,
        1.8272013664245605,
        1.7254129648208618,
        1.6657819747924805,
        1.624521255493164,
        1.5935221910476685,
        1.5685080289840698,
        1.5472533702850342,
        1.5287450551986694,
        1.512704849243164
    ],
    "val_acc": [
        0.43835005164146423,
        0.4718894958496094,
        0.49006712436676025,
        0.48061370849609375,
        0.49566367268562317,
        0.5030843019485474,
        0.4878632128238678,
        0.5068872570991516,
        0.5164110064506531,
        0.5164484977722168
    ],
    "val_loss": [
        1.9896060228347778,
        1.8327395915985107,
        1.7581391334533691,
        1.7882342338562012,
        1.718355417251587,
        1.6819559335708618,
        1.7169197797775269,
        1.6637552976608276,
        1.6306859254837036,
        1.6303855180740356
    ]
}