{
    "epochs": [
        1,
        2,
        3,
        4,
        5,
        6,
        7,
        8,
        9,
        10,
        11,
        12,
        13,
        14,
        15,
        16,
        17,
        18,
        19,
        20,
        21,
        22,
        23,
        24,
        25,
        26,
        27,
        28,
        29,
        30
    ],
    "accuracy": [
        0.462593674659729,
        0.534943699836731,
        0.5577300190925598,
        0.5707159042358398,
        0.5791081786155701,
        0.5858733654022217,
        0.5920220017433167,
        0.5972814559936523,
        0.6009480953216553,
        0.6036816239356995,
        0.606828510761261,
        0.609210193157196,
        0.6129076480865479,
        0.614404559135437,
        0.6163192391395569,
        0.6183913946151733,
        0.6201592087745667,
        0.62138432264328,
        0.6224933862686157,
        0.6231802701950073,
        0.6252357363700867,
        0.6265057325363159,
        0.6275215744972229,
        0.6289736032485962,
        0.630124032497406,
        0.6301838159561157,
        0.6319279074668884,
        0.6318874359130859,
        0.6329894661903381,
        0.6332049369812012
    ],
    "loss": [
        1.991989016532898,
        1.5528794527053833,
        1.4584311246871948,
        1.4061672687530518,
        1.3725239038467407,
        1.3456072807312012,
        1.3236849308013916,
        1.3035780191421509,
        1.2871294021606445,
        1.2763279676437378,
        1.2643365859985352,
        1.2540028095245361,
        1.2426408529281616,
        1.2354692220687866,
        1.228697419166565,
        1.2214202880859375,
        1.2168006896972656,
        1.2098873853683472,
        1.2070767879486084,
        1.2020987272262573,
        1.1960688829421997,
        1.1917030811309814,
        1.1884522438049316,
        1.184311032295227,
        1.1798325777053833,
        1.1768999099731445,
        1.1718343496322632,
        1.1719670295715332,
        1.1691160202026367,
        1.1669477224349976
    ],
    "val_acc": [
        0.5184031128883362,
        0.5320171117782593,
        0.5543769598007202,
        0.5643064379692078,
        0.5650721788406372,
        0.5676572918891907,
        0.5692554116249084,
        0.5793991684913635,
        0.5762310028076172,
        0.5839231014251709,
        0.5802280902862549,
        0.581285297870636,
        0.5825111269950867,
        0.5814855098724365,
        0.5757603645324707,
        0.5860095024108887,
        0.5832733511924744,
        0.5809972882270813,
        0.5821423530578613,
        0.5851173400878906,
        0.5818437933921814,
        0.5869472622871399,
        0.5823495984077454,
        0.5881133675575256,
        0.5900768041610718,
        0.5851559638977051,
        0.5887526273727417,
        0.5824830532073975,
        0.5849206447601318,
        0.5872774720191956
    ],
    "val_loss": [
        1.6346274614334106,
        1.5768779516220093,
        1.4753280878067017,
        1.4414916038513184,
        1.4362744092941284,
        1.4300673007965088,
        1.427585482597351,
        1.3983430862426758,
        1.4027758836746216,
        1.3778557777404785,
        1.3776259422302246,
        1.393653154373169,
        1.3896379470825195,
        1.3871126174926758,
        1.418480396270752,
        1.371843695640564,
        1.3953237533569336,
        1.3855808973312378,
        1.3908777236938477,
        1.3858411312103271,
        1.4005731344223022,
        1.3766311407089233,
        1.405030369758606,
        1.3772711753845215,
        1.3719006776809692,
        1.4017012119293213,
        1.3805458545684814,
        1.397682547569275,
        1.3966808319091797,
        1.3884074687957764
    ]
}